UserID,School_Email,Password,Date_Created
1,jag1@utdallas.edu,7H+e(wUUvGaL,2021-12-13 00:00:00
2,agg2@utdallas.edu,U5Ja9RL5erg!,2023-05-24 00:00:00
3,hjs3@utdallas.edu,DOa=VE+Uc%DE,2024-02-18 00:00:00
4,icj4@utdallas.edu,b!CupUZA+@Oa,2020-11-23 00:00:00
5,bgs5@utdallas.edu,qxeKgQKJ2new,2019-02-05 00:00:00
6,bcm6@utdallas.edu,VB-2ea_xqJW0,2021-01-15 00:00:00
7,ddg7@utdallas.edu,!v#64aEKQKlO,2019-04-06 00:00:00
8,aaj8@utdallas.edu,&7RhQ^EUKMMy,2024-08-21 00:00:00
9,gcm9@utdallas.edu,UUcrjL7L#9ca,2024-02-11 00:00:00
10,eim10@utdallas.edu,jqnOu8)CJtUf,2024-02-14 00:00:00
11,cfb11@utdallas.edu,Qt1xq#+EifLo,2021-09-11 00:00:00
12,bid12@utdallas.edu,#suh#$Bl7(lu,2022-10-28 00:00:00
13,chm13@utdallas.edu,lD$Ie0YxJzFI,2023-03-07 00:00:00
14,hjw14@utdallas.edu,GkXFhriiaDYO,2021-08-07 00:00:00
15,gbd15@utdallas.edu,PPIz_3=vVVYp,2021-01-30 00:00:00
16,bes16@utdallas.edu,yKI_eMrZCamX,2020-08-25 00:00:00
17,efm17@utdallas.edu,$1vZaC(b+Sa@,2024-05-17 00:00:00
18,ggm18@utdallas.edu,3_&EaZH4v=xW,2022-04-16 00:00:00
19,ged19@utdallas.edu,yDCGtNwzu(st,2022-02-14 00:00:00
20,eeb20@utdallas.edu,%jqmg2wgEjr(,2024-06-19 00:00:00
21,acb21@utdallas.edu,#t7yejeZQaA),2022-05-09 00:00:00
22,egw22@utdallas.edu,zMTtO8H-n!S5,2021-04-24 00:00:00
23,gdm23@utdallas.edu,I$N#gnJCYB14,2021-10-14 00:00:00
24,iaj24@utdallas.edu,KZ=LkebWlxd%,2021-08-16 00:00:00
25,acj25@utdallas.edu,0I&6vyEoLRe4,2020-10-05 00:00:00
26,fdd26@utdallas.edu,YiWcz7TAqwLD,2022-08-09 00:00:00
27,ehm27@utdallas.edu,mvREzdgHAOC4,2019-05-18 00:00:00
28,jig28@utdallas.edu,+(C*QAN_GwGE,2024-04-04 00:00:00
29,agm29@utdallas.edu,bZARO0=pwSVi,2021-01-29 00:00:00
30,fid30@utdallas.edu,dWDT_ZGi-jh7,2021-10-23 00:00:00
31,ibm31@utdallas.edu,qnU1Mgv&pn$W,2019-05-22 00:00:00
32,idm32@utdallas.edu,zK)U9K7Q&38Z,2024-04-12 00:00:00
33,gds33@utdallas.edu,v#_9pBeZCeTm,2022-06-23 00:00:00
34,fdj34@utdallas.edu,*JggVJQlI0Z_,2023-08-05 00:00:00
35,jjm35@utdallas.edu,cUgy&4)oV$pz,2023-03-14 00:00:00
36,dgj36@utdallas.edu,Lc5UiF$!$^xw,2024-10-08 00:00:00
37,ijm37@utdallas.edu,D*FaMCKgHcRL,2024-07-21 00:00:00
38,abj38@utdallas.edu,nsANLYog1iJP,2024-04-16 00:00:00
39,jhg39@utdallas.edu,o=ZApa=Gl_P^,2020-04-05 00:00:00
40,dem40@utdallas.edu,)%62_k(zBhFN,2021-11-06 00:00:00
41,cdl41@utdallas.edu,A#B##f!Ev5&^,2019-05-15 00:00:00
42,ics42@utdallas.edu,h7=4SpeUv@1k,2021-06-25 00:00:00
43,bjm43@utdallas.edu,rrbfp-i!)00*,2023-02-08 00:00:00
44,gds44@utdallas.edu,9tC&Ecat!bYD,2024-02-28 00:00:00
45,acg45@utdallas.edu,jjrNTiPKLjkn,2022-10-22 00:00:00
46,fab46@utdallas.edu,2bAr(9cuzFXb,2024-12-30 00:00:00
47,jcw47@utdallas.edu,Bq-c&ZtQ_c@_,2023-05-12 00:00:00
48,chw48@utdallas.edu,QPyI@6f=)Pc%,2023-11-09 00:00:00
49,did49@utdallas.edu,p54GE+tXT%(F,2022-01-17 00:00:00
50,iid50@utdallas.edu,bz5kDGSrdGll,2023-03-28 00:00:00
51,bhb51@utdallas.edu,&QUBsC1ZcBJ*,2021-12-22 00:00:00
52,bbl52@utdallas.edu,6+RGDB5^OQxG,2023-08-09 00:00:00
53,jjb53@utdallas.edu,E&6JUisdDCIr,2021-12-24 00:00:00
54,fil54@utdallas.edu,cy6TsBFURRKv,2021-10-04 00:00:00
55,bij55@utdallas.edu,7(NM(r^Oyz^0,2021-06-25 00:00:00
56,hfj56@utdallas.edu,EMycATc!tjY%,2024-01-17 00:00:00
57,fim57@utdallas.edu,DyS=O1aadnf0,2024-02-04 00:00:00
58,ajm58@utdallas.edu,*T1d7APFsWxl,2021-05-24 00:00:00
59,fbj59@utdallas.edu,rG=@&5S54%0b,2023-03-27 00:00:00
60,iag60@utdallas.edu,AFAWunwLGhe%,2023-08-24 00:00:00
61,ibs61@utdallas.edu,^sPNG4cH2uX!,2022-04-11 00:00:00
62,his62@utdallas.edu,6)z+&gdW+p9&,2019-12-31 00:00:00
63,cjd63@utdallas.edu,xMl5AC5G#a=2,2022-04-04 00:00:00
64,bgm64@utdallas.edu,=Y39zu!Gabzf,2023-04-28 00:00:00
65,ghd65@utdallas.edu,BC4KqIHNU#Vm,2021-03-09 00:00:00
66,aem66@utdallas.edu,M^&k28@p^$ag,2024-04-08 00:00:00
67,jel67@utdallas.edu,rRftgpJlaT8F,2021-03-30 00:00:00
68,idm68@utdallas.edu,_gh2d!mnOI=F,2019-10-23 00:00:00
69,ejm69@utdallas.edu,lq++EJ@EuYOH,2021-10-10 00:00:00
70,igw70@utdallas.edu,b9%7UKUu-v6f,2024-09-20 00:00:00
71,agw71@utdallas.edu,zTEMuKH2XW_p,2019-01-28 00:00:00
72,acd72@utdallas.edu,kW@W7#1!D*d8,2022-07-13 00:00:00
73,gjj73@utdallas.edu,&G%pU7UkAbsm,2020-11-18 00:00:00
74,ddd74@utdallas.edu,c0l_r-q++yAK,2021-01-01 00:00:00
75,hgj75@utdallas.edu,_rSFE3tp0HGi,2024-07-31 00:00:00
76,ehm76@utdallas.edu,eiOjHwg3FNBW,2019-09-17 00:00:00
77,bds77@utdallas.edu,*wwfQCe_MVYO,2023-04-03 00:00:00
78,icm78@utdallas.edu,NIxW4zev=uWT,2024-06-14 00:00:00
79,bbd79@utdallas.edu,ilEbt8#_0g=Q,2020-03-21 00:00:00
80,agd80@utdallas.edu,mB3(^Ceo4x2a,2023-04-02 00:00:00
81,bel81@utdallas.edu,%rOtUHc1&Bh#,2022-07-11 00:00:00
82,hcg82@utdallas.edu,&$ZQJN_1O=j!,2021-08-30 00:00:00
83,hdm83@utdallas.edu,s6g@5XUetJGo,2019-04-08 00:00:00
84,bgm84@utdallas.edu,jvzq+kVE2UHQ,2021-08-30 00:00:00
85,igw85@utdallas.edu,+bayEWpUn8k#,2024-05-24 00:00:00
86,bij86@utdallas.edu,weZ4foiN0ujS,2022-01-21 00:00:00
87,dij87@utdallas.edu,cv2W(!Xye_i=,2022-03-29 00:00:00
88,ifd88@utdallas.edu,7h#CZQ)cZJhX,2023-08-21 00:00:00
89,cel89@utdallas.edu,XqxaDpT*rJk!,2023-05-09 00:00:00
90,dal90@utdallas.edu,MFD&SQahlc5S,2023-05-31 00:00:00
91,dcg91@utdallas.edu,AwH1v-2$+MhM,2024-03-30 00:00:00
92,feg92@utdallas.edu,T+J12Bf5r@H!,2023-07-09 00:00:00
93,jeg93@utdallas.edu,tKKlThj-$vlT,2023-03-11 00:00:00
94,bgg94@utdallas.edu,2yhrZi!7c70(,2022-09-08 00:00:00
95,has95@utdallas.edu,pt%_+9v%PAU#,2022-06-13 00:00:00
96,ibj96@utdallas.edu,a$%DmHpW*Tl2,2023-09-25 00:00:00
97,hal97@utdallas.edu,+(66k*Thzme#,2022-11-14 00:00:00
98,afj98@utdallas.edu,PO!r@RZf@&HN,2022-12-19 00:00:00
99,hdm99@utdallas.edu,-V^*HJ1&f3QP,2021-09-27 00:00:00
100,fdb100@utdallas.edu,BH7^wig3ZD(R,2022-11-03 00:00:00
101,cjb101@utdallas.edu,M$V^IXzoDMR&,2021-08-09 00:00:00
102,gbj102@utdallas.edu,WhrwAO+p%M*+,2023-09-22 00:00:00
103,icd103@utdallas.edu,vNPZ%58@)&Qu,2024-07-06 00:00:00
104,hfm104@utdallas.edu,*7j^WDf0!ca1,2021-11-19 00:00:00
105,gbj105@utdallas.edu,=t+EQ4!TMSK4,2022-03-26 00:00:00
106,ggw106@utdallas.edu,1#@%#qiJi4Da,2023-07-30 00:00:00
107,bew107@utdallas.edu,7pefiH(S4aH1,2022-11-04 00:00:00
108,fij108@utdallas.edu,rIVswjb4Y@zM,2019-12-20 00:00:00
109,jcs109@utdallas.edu,DI+Y^3vhF$=@,2022-03-11 00:00:00
110,jjd110@utdallas.edu,A+HcGyeeVjAa,2022-10-10 00:00:00
111,ajb111@utdallas.edu,*=XruDxBs@pW,2024-03-14 00:00:00
112,eig112@utdallas.edu,k2Y&*&dNu^0),2022-02-13 00:00:00
113,bab113@utdallas.edu,WMe!5^fT&#Ya,2022-05-15 00:00:00
114,cbm114@utdallas.edu,FmfM)f5Ogl&W,2022-06-10 00:00:00
115,jhs115@utdallas.edu,M_fVqEvF+^hF,2022-01-09 00:00:00
116,iab116@utdallas.edu,hSqR!QCrplGP,2022-12-07 00:00:00
117,gcl117@utdallas.edu,IPPNo166Nem8,2020-03-14 00:00:00
118,cas118@utdallas.edu,+QT_(@ReO@ni,2022-12-27 00:00:00
119,chj119@utdallas.edu,&rzzmtJiIStY,2020-06-05 00:00:00
120,ihj120@utdallas.edu,IHeI@offn*8n,2021-03-16 00:00:00
121,bib121@utdallas.edu,1mMPlBX97Lh$,2024-02-12 00:00:00
122,fis122@utdallas.edu,oVP$u3KqW$LT,2022-08-08 00:00:00
123,hgb123@utdallas.edu,ZHMBD!%8hY^@,2019-12-03 00:00:00
124,hbj124@utdallas.edu,8^sR=OXjp3@b,2023-01-27 00:00:00
125,dig125@utdallas.edu,&dsDIJFZJHvl,2020-02-16 00:00:00
126,ias126@utdallas.edu,)w-SVw=f!1@$,2019-03-18 00:00:00
127,idj127@utdallas.edu,l0#TD-rwS9H3,2024-10-25 00:00:00
128,jdj128@utdallas.edu,NS&Nsk2Y2Lcd,2022-09-18 00:00:00
129,chm129@utdallas.edu,hs1mZu5XXbc_,2019-09-24 00:00:00
130,dgj130@utdallas.edu,1O!F%%-Ix45&,2021-10-19 00:00:00
131,jhw131@utdallas.edu,Jxd8-$_3-OtQ,2022-07-06 00:00:00
132,jjm132@utdallas.edu,TW*d1puRh%a=,2022-11-22 00:00:00
133,jfd133@utdallas.edu,ftRNE*p^n#Pm,2024-03-24 00:00:00
134,cbl134@utdallas.edu,KHbenmcFwB0o,2021-09-04 00:00:00
135,hig135@utdallas.edu,7lVaskZb!X!O,2023-03-02 00:00:00
136,jcb136@utdallas.edu,o!R4aoQod39%,2024-02-04 00:00:00
137,agb137@utdallas.edu,R06bdD2ggQvb,2023-10-10 00:00:00
138,fgm138@utdallas.edu,E$!QnY5Vfgt#,2021-01-15 00:00:00
139,agd139@utdallas.edu,p^u^3C1S*iDT,2020-09-12 00:00:00
140,abw140@utdallas.edu,%lPGijkhO(rw,2021-02-23 00:00:00
141,dam141@utdallas.edu,Bmww2ZtKabit,2022-02-05 00:00:00
142,hdw142@utdallas.edu,L$WNGdsaC@8R,2022-12-04 00:00:00
143,ies143@utdallas.edu,gu6$To$jb6e=,2019-04-28 00:00:00
144,jhj144@utdallas.edu,ncXU1H5r!V+p,2022-12-14 00:00:00
145,fib145@utdallas.edu,NMfN4sCR$h@u,2023-03-15 00:00:00
146,aag146@utdallas.edu,kL_!nW)fe5%(,2023-04-05 00:00:00
147,hhd147@utdallas.edu,XK7f9%$jb)Cu,2019-11-10 00:00:00
148,eim148@utdallas.edu,Xp-!ZSt1w(ZY,2020-12-16 00:00:00
149,aim149@utdallas.edu,#xjhHcq2WQ7b,2022-05-08 00:00:00
150,gjm150@utdallas.edu,nDIm-oJq!hvb,2020-01-31 00:00:00
151,iem151@utdallas.edu,7Fo5(OFNJK@9,2023-01-25 00:00:00
152,fes152@utdallas.edu,_Q1i*_UIiN+m,2024-06-03 00:00:00
153,jem153@utdallas.edu,kd8T5&chaQ5#,2021-11-15 00:00:00
154,ahj154@utdallas.edu,cb1!xJ_ASvq),2021-11-23 00:00:00
155,ggd155@utdallas.edu,dFMZau1ot4WD,2021-12-11 00:00:00
156,hel156@utdallas.edu,LM=kbkkqnxsx,2024-01-26 00:00:00
157,hgd157@utdallas.edu,IanG-WQaM&Nl,2024-08-22 00:00:00
158,jfm158@utdallas.edu,2R@%UYT$go4i,2023-07-27 00:00:00
159,ghj159@utdallas.edu,#2_Qz@lreZde,2023-11-26 00:00:00
160,dgm160@utdallas.edu,8$P@CN-WZ3N6,2023-03-24 00:00:00
161,bim161@utdallas.edu,@9VKe%S=snlZ,2019-08-17 00:00:00
162,cdl162@utdallas.edu,nkb#B-ZI4U$8,2020-11-20 00:00:00
163,gig163@utdallas.edu,YK^QMZMRpWm5,2021-10-16 00:00:00
164,hib164@utdallas.edu,A0BWm8N9&9Si,2022-08-12 00:00:00
165,bcd165@utdallas.edu,=cwfC2**GTyL,2024-10-24 00:00:00
166,beb166@utdallas.edu,hLtAicDFtebM,2023-07-06 00:00:00
167,eed167@utdallas.edu,k^e-7XYj#TwO,2020-08-18 00:00:00
168,hdm168@utdallas.edu,1Hq$4lzcZZqx,2024-03-14 00:00:00
169,ail169@utdallas.edu,iJaXFOKa9-X#,2021-05-26 00:00:00
170,gew170@utdallas.edu,OGJ_*5mbJ)Wq,2023-07-08 00:00:00
171,jhm171@utdallas.edu,&2ou9UZ#rZt8,2023-08-08 00:00:00
172,iem172@utdallas.edu,g+t0cW9u3JM-,2020-02-28 00:00:00
173,bfb173@utdallas.edu,rHlM2=-!4H5G,2020-09-28 00:00:00
174,cgw174@utdallas.edu,aN(J*O_YRX8Z,2022-02-22 00:00:00
175,iam175@utdallas.edu,A6MYiY1hiW*l,2020-10-05 00:00:00
176,dbj176@utdallas.edu,lIqrS1WkJd^(,2024-10-12 00:00:00
177,jdj177@utdallas.edu,9nt2SPEQlAVB,2023-05-16 00:00:00
178,efs178@utdallas.edu,qA_(rqJibR8I,2021-04-06 00:00:00
179,fbb179@utdallas.edu,TVMLcmKUFW%r,2020-06-11 00:00:00
180,adg180@utdallas.edu,!A$cg8f$95j3,2023-03-26 00:00:00
181,hdm181@utdallas.edu,GJr4MbfzDWVB,2022-04-30 00:00:00
182,hjm182@utdallas.edu,v37VGJy95PFr,2021-12-27 00:00:00
183,gfb183@utdallas.edu,LuHYIGR)e^3V,2024-09-18 00:00:00
184,ijm184@utdallas.edu,JW632102zsB3,2021-08-05 00:00:00
185,agb185@utdallas.edu,)JpjMG+70hg^,2022-07-12 00:00:00
186,abm186@utdallas.edu,@+#kn1$iqFik,2023-02-09 00:00:00
187,edw187@utdallas.edu,j14j6nHt7W)p,2024-07-03 00:00:00
188,gcb188@utdallas.edu,Klzd$z+xuctN,2022-06-22 00:00:00
189,gbg189@utdallas.edu,a1^T_X2XlF@s,2020-01-19 00:00:00
190,faj190@utdallas.edu,Aw*lo*0GIyRy,2022-06-13 00:00:00
191,bbl191@utdallas.edu,NQpBZU9G%-$3,2023-05-29 00:00:00
192,gbb192@utdallas.edu,3claly=Jl+E7,2021-05-11 00:00:00
193,iim193@utdallas.edu,yT^JeD33=UW4,2023-09-17 00:00:00
194,ijd194@utdallas.edu,S2-trYD1lbS$,2023-08-25 00:00:00
195,jej195@utdallas.edu,(YxGJ2ahPJhI,2020-07-10 00:00:00
196,ial196@utdallas.edu,k4OX=m3f4-lT,2022-01-05 00:00:00
197,ibg197@utdallas.edu,80Q7ajGWIIIJ,2023-10-13 00:00:00
198,eis198@utdallas.edu,sj_ZeK9RbcfC,2024-01-02 00:00:00
199,gfl199@utdallas.edu,pio-0lJpgvhk,2023-05-20 00:00:00
200,ddm200@utdallas.edu,!pU5rI9kRap3,2023-04-22 00:00:00
201,ggj201@utdallas.edu,hu!ooRpMhdjk,2022-09-24 00:00:00
202,fcj202@utdallas.edu,oszXiNx@XjrK,2022-03-18 00:00:00
203,idj203@utdallas.edu,Z=1*_fo1rnp5,2023-01-15 00:00:00
204,ibg204@utdallas.edu,$FbcazalvQrh,2024-10-26 00:00:00
205,ejw205@utdallas.edu,m7=8iRE3EXXf,2019-10-24 00:00:00
206,edd206@utdallas.edu,MEO^-^MB8Bom,2022-04-15 00:00:00
207,eid207@utdallas.edu,CVTa6YZM-efJ,2020-02-20 00:00:00
208,fjm208@utdallas.edu,7_GoYCqHFbe3,2021-02-09 00:00:00
209,ffm209@utdallas.edu,1HrWE5l8FO!B,2023-01-13 00:00:00
210,gds210@utdallas.edu,b#tq@(_5X5eC,2023-04-24 00:00:00
211,fjw211@utdallas.edu,-ChZf-ba*K)6,2024-12-12 00:00:00
212,adb212@utdallas.edu,Ec(TG%1_YJLe,2022-09-16 00:00:00
213,chj213@utdallas.edu,SChF7WeZ1y$9,2023-06-11 00:00:00
214,bel214@utdallas.edu,5MvJQ+pZzYmA,2023-11-08 00:00:00
215,fam215@utdallas.edu,m^N*F=gdIMZN,2021-06-13 00:00:00
216,bgw216@utdallas.edu,18nD#RLK@_u!,2023-06-14 00:00:00
217,ges217@utdallas.edu,bsTN&M#+qMQC,2019-10-22 00:00:00
218,fbg218@utdallas.edu,_RgIS%4-fdp#,2019-11-15 00:00:00
219,hag219@utdallas.edu,pIVLGXRimzD$,2019-12-12 00:00:00
220,ddg220@utdallas.edu,aTChH4VF64yv,2023-10-08 00:00:00
221,fis221@utdallas.edu,$38CKPz!dMTz,2022-11-11 00:00:00
222,deb222@utdallas.edu,4v1&e+B%y-CG,2023-03-23 00:00:00
223,haj223@utdallas.edu,(&_djU32gRh),2020-06-19 00:00:00
224,afs224@utdallas.edu,sbRFWXLSF4a9,2022-09-14 00:00:00
225,jdm225@utdallas.edu,$Uk6cOsKPC)X,2024-12-29 00:00:00
226,egw226@utdallas.edu,s)H+k3WfSEV1,2020-06-03 00:00:00
227,bhl227@utdallas.edu,$A_ppEnd+uzR,2022-06-01 00:00:00
228,aid228@utdallas.edu,+!$wHBMzTy&#,2019-07-23 00:00:00
229,bim229@utdallas.edu,CgjwJvH(6@RW,2024-10-26 00:00:00
230,ifg230@utdallas.edu,h58ONvIqkS27,2023-05-30 00:00:00
231,gim231@utdallas.edu,4)TelTfTVR6!,2024-04-18 00:00:00
232,acl232@utdallas.edu,&!S1L0WmTazl,2024-12-23 00:00:00
233,hhb233@utdallas.edu,@YjPyzL2sZj=,2021-08-30 00:00:00
234,cbj234@utdallas.edu,TjW1rubLnxfs,2024-03-15 00:00:00
235,jbj235@utdallas.edu,NKga7aOQMxer,2022-06-27 00:00:00
236,dib236@utdallas.edu,o74tp)7sE+e4,2020-03-25 00:00:00
237,ahm237@utdallas.edu,P_ui-Pj$vITY,2023-07-08 00:00:00
238,fdm238@utdallas.edu,^+SxMDxOtI-i,2023-04-11 00:00:00
239,jgw239@utdallas.edu,QYWVb0K1nKxS,2021-05-19 00:00:00
240,gcm240@utdallas.edu,p)YOqMYl1)ea,2022-08-07 00:00:00
241,efm241@utdallas.edu,@Qe!7=4lJiW8,2024-02-03 00:00:00
242,adl242@utdallas.edu,ecSd)xCAV%R!,2022-05-26 00:00:00
243,cfd243@utdallas.edu,RKszPNDN-K-z,2019-03-05 00:00:00
244,bgm244@utdallas.edu,(o=gOxjnH+E!,2021-10-22 00:00:00
245,bfm245@utdallas.edu,a3&-1j_oR(RU,2024-12-26 00:00:00
246,dab246@utdallas.edu,CN*pv0qD9T=+,2024-12-22 00:00:00
247,ges247@utdallas.edu,jY*qS2%$MzTf,2021-02-07 00:00:00
248,fed248@utdallas.edu,JZMc-wp1mpnA,2022-10-29 00:00:00
249,cdm249@utdallas.edu,y=daLH!$8zW3,2023-06-30 00:00:00
250,ajg250@utdallas.edu,TC3&DDF#UejE,2023-05-02 00:00:00
251,gjj251@utdallas.edu,sZ62M9vlK7&!,2023-08-12 00:00:00
252,ejm252@utdallas.edu,zTMak3%fSyB0,2019-05-18 00:00:00
253,efs253@utdallas.edu,d3AH$Z4b9TrZ,2022-02-08 00:00:00
254,agg254@utdallas.edu,SabdWfcgx=B@,2021-10-07 00:00:00
255,ggg255@utdallas.edu,NiEhrJ*fRx5Q,2021-06-27 00:00:00
256,gbd256@utdallas.edu,R(rCDgoY$FCo,2021-01-29 00:00:00
257,dcj257@utdallas.edu,5Yn9D38+G)8C,2024-06-08 00:00:00
258,bbj258@utdallas.edu,Zx)8oC+f$TKn,2024-09-01 00:00:00
259,dgw259@utdallas.edu,#5ECGcJ^J&m_,2020-09-27 00:00:00
260,chl260@utdallas.edu,8KClkDl%A5vn,2022-07-05 00:00:00
261,ads261@utdallas.edu,Fukea*XcX9Jc,2021-03-09 00:00:00
262,egl262@utdallas.edu,(cTNS6hDIL(s,2024-02-22 00:00:00
263,ads263@utdallas.edu,dD=v8f8I=EKL,2022-06-24 00:00:00
264,dhm264@utdallas.edu,bP*1a=DDR#9A,2020-06-19 00:00:00
265,jfl265@utdallas.edu,+clbs&ez$3)(,2024-10-10 00:00:00
266,gab266@utdallas.edu,DNkYuRJ2DL*B,2023-06-23 00:00:00
267,fil267@utdallas.edu,(D&1Uy5N76uM,2020-04-23 00:00:00
268,efm268@utdallas.edu,FENoPvF5#cCm,2025-01-23 00:00:00
269,fhd269@utdallas.edu,c_O&vimmln#O,2024-09-17 00:00:00
270,idj270@utdallas.edu,N#yvqJEBNqWg,2022-08-10 00:00:00
271,fbw271@utdallas.edu,bu$2NI@iSHb!,2020-12-20 00:00:00
272,ecb272@utdallas.edu,Z8otkV_Bt$PE,2023-10-04 00:00:00
273,jem273@utdallas.edu,%nMbz_f3Ve@R,2023-03-11 00:00:00
274,ibj274@utdallas.edu,UU)#(Kytiz)c,2023-09-01 00:00:00
275,hel275@utdallas.edu,&dug_!D#=f+(,2024-05-09 00:00:00
276,ahg276@utdallas.edu,5mdN$X_WB=Cf,2020-12-03 00:00:00
277,hfb277@utdallas.edu,xiSqHezdsV-X,2019-10-11 00:00:00
278,eis278@utdallas.edu,=dH!bEH&*$lh,2023-04-07 00:00:00
279,cfj279@utdallas.edu,9M(tk1+f6Rbd,2024-04-02 00:00:00
280,fhj280@utdallas.edu,uZ+m4S_J67Uw,2024-10-18 00:00:00
281,jjd281@utdallas.edu,wvegakBcCCcA,2023-03-18 00:00:00
282,aag282@utdallas.edu,vkmH^+yT%x&@,2022-01-05 00:00:00
283,ijs283@utdallas.edu,r8Cm#G@OSic#,2024-06-23 00:00:00
284,ejd284@utdallas.edu,nWchakpi1r7i,2020-02-14 00:00:00
285,cfl285@utdallas.edu,0APgXpKyUpEg,2021-07-11 00:00:00
286,ejb286@utdallas.edu,KkKG(b6LwEps,2024-02-07 00:00:00
287,hdl287@utdallas.edu,HH6o!hFt&ZN1,2023-04-16 00:00:00
288,ceg288@utdallas.edu,$%oQxqyybbqW,2020-09-07 00:00:00
289,ahd289@utdallas.edu,TGe98nMz^ljV,2024-11-02 00:00:00
290,fas290@utdallas.edu,Vi62aDMKmE(d,2021-09-14 00:00:00
291,hbm291@utdallas.edu,Lv$!EGEqF3F7,2019-12-14 00:00:00
292,ejb292@utdallas.edu,mAtLCdhyalVu,2023-04-24 00:00:00
293,ial293@utdallas.edu,aea4Tvj^K5^^,2020-05-10 00:00:00
294,jhl294@utdallas.edu,2@H@e&WhtC#@,2020-03-29 00:00:00
295,djg295@utdallas.edu,kGp1fiZv0XlD,2023-12-12 00:00:00
296,jab296@utdallas.edu,7PoehU%6XKz6,2020-12-01 00:00:00
297,jfd297@utdallas.edu,dl(oM1%CG%vl,2019-05-21 00:00:00
298,jdw298@utdallas.edu,Cr2=EPIG4vUP,2019-12-14 00:00:00
299,hjs299@utdallas.edu,tgQQ7pI$stPV,2024-01-30 00:00:00
300,dfj300@utdallas.edu,$UvOFF#KT8=A,2021-03-07 00:00:00
301,ffj301@utdallas.edu,fva$^^#_Yk19,2023-03-09 00:00:00
302,ehw302@utdallas.edu,rLP+ahA%3GJD,2024-09-17 00:00:00
303,gad303@utdallas.edu,21U=#S9wm^TT,2019-07-19 00:00:00
304,bhs304@utdallas.edu,Y6M&H0Kl#*Ft,2021-12-03 00:00:00
305,hfl305@utdallas.edu,pW=@M4P+P7I(,2020-08-03 00:00:00
306,fis306@utdallas.edu,*w+8jlHW#Uc3,2024-02-15 00:00:00
307,dig307@utdallas.edu,OFultPjl2pr%,2020-04-16 00:00:00
308,gbg308@utdallas.edu,J)NLI9uG9N4Z,2021-02-18 00:00:00
309,hew309@utdallas.edu,SfkQeCf&HVdN,2024-04-27 00:00:00
310,bgj310@utdallas.edu,k8clIjwVI6xJ,2024-11-11 00:00:00
311,efs311@utdallas.edu,#54vK$UkT-SV,2020-10-31 00:00:00
312,gjm312@utdallas.edu,tpf&w%-Ezh1y,2020-01-21 00:00:00
313,cim313@utdallas.edu,@V-^!m=piS(D,2020-02-15 00:00:00
314,agm314@utdallas.edu,7v1BzU68Hltk,2021-05-01 00:00:00
315,eis315@utdallas.edu,bIcWpFFJaKaS,2022-10-18 00:00:00
316,igd316@utdallas.edu,SIM4U@tswxZd,2022-08-17 00:00:00
317,jcs317@utdallas.edu,tAiCJETyutIc,2021-03-31 00:00:00
318,hjd318@utdallas.edu,+4G&qN!ZJrcu,2019-01-16 00:00:00
319,ahw319@utdallas.edu,0JW&jfT&Qsc2,2022-02-13 00:00:00
320,dew320@utdallas.edu,EFm&rtI6mU4E,2023-10-25 00:00:00
321,hgm321@utdallas.edu,2*cGdVWEYOFy,2020-01-22 00:00:00
322,ahm322@utdallas.edu,t3eMrAi+SxN*,2021-12-01 00:00:00
323,dcd323@utdallas.edu,A8x$e20Q6Tz7,2022-01-10 00:00:00
324,dgj324@utdallas.edu,@a!!YsJ-e=R$,2023-03-28 00:00:00
325,ieb325@utdallas.edu,hx=TQnu!i#Bn,2022-07-21 00:00:00
326,bhd326@utdallas.edu,With4Mcfxtfv,2022-03-23 00:00:00
327,hdg327@utdallas.edu,X*19q7K9m!%-,2022-08-17 00:00:00
328,bgm328@utdallas.edu,iZGDix0PGHeL,2021-05-31 00:00:00
329,gbw329@utdallas.edu,L*NL6b_(a!Zi,2022-07-26 00:00:00
330,ifg330@utdallas.edu,4URXSZX%5MPp,2022-09-08 00:00:00
331,igl331@utdallas.edu,ooZz=5eJXZ@F,2024-04-15 00:00:00
332,dfj332@utdallas.edu,cD+0tV0AJVyE,2020-11-29 00:00:00
333,bim333@utdallas.edu,B7zMK8YRetgG,2020-07-03 00:00:00
334,ecs334@utdallas.edu,I3O*@AWm4MFa,2023-01-15 00:00:00
335,eam335@utdallas.edu,o4E6p#eJ2vDl,2023-01-24 00:00:00
336,cdb336@utdallas.edu,OhB)#llLhofo,2021-01-09 00:00:00
337,bdm337@utdallas.edu,va^-@W4PrUnh,2021-01-15 00:00:00
338,has338@utdallas.edu,heHx!mizBXA=,2020-11-30 00:00:00
339,dfs339@utdallas.edu,)TpCb6jx!(T=,2019-01-08 00:00:00
340,caj340@utdallas.edu,p!q%4pJJ(yN!,2020-12-15 00:00:00
341,bjg341@utdallas.edu,%K+WT@6chS4T,2023-01-05 00:00:00
342,bfj342@utdallas.edu,hXLmTxET2+m7,2021-05-27 00:00:00
343,ehj343@utdallas.edu,*7+q&1bn22ky,2020-04-14 00:00:00
344,ddl344@utdallas.edu,VnzSO88-QNpO,2021-07-08 00:00:00
345,hel345@utdallas.edu,*tA!&K6_+TR),2023-04-18 00:00:00
346,acm346@utdallas.edu,W)wi!=!0)H!@,2024-11-12 00:00:00
347,gdw347@utdallas.edu,y5sMOMSbMFU),2020-08-07 00:00:00
348,cgw348@utdallas.edu,UJFmqiZ8Vi4-,2023-01-10 00:00:00
349,ihm349@utdallas.edu,ChCeMa)XyC%&,2024-08-08 00:00:00
350,fbb350@utdallas.edu,SeiZ)&aTSg0q,2022-11-20 00:00:00
351,ciw351@utdallas.edu,M+#e91Wo)5VR,2020-09-10 00:00:00
352,fdj352@utdallas.edu,ea^HxjkjQCc!,2019-06-08 00:00:00
353,gfb353@utdallas.edu,Q#11+DFaVWCQ,2020-12-26 00:00:00
354,ijj354@utdallas.edu,Ic@NA@HPX1ig,2020-10-20 00:00:00
355,ebs355@utdallas.edu,zFyWU-zvgG@E,2024-07-22 00:00:00
356,jdj356@utdallas.edu,gJo01@jG4QcD,2020-04-30 00:00:00
357,aij357@utdallas.edu,dYmhd#2a=SK0,2021-05-29 00:00:00
358,fgj358@utdallas.edu,F!P62LqjnwuT,2021-04-24 00:00:00
359,edm359@utdallas.edu,9tIz#5@NM9nH,2019-11-19 00:00:00
360,fjg360@utdallas.edu,V0X03o)m@bz),2024-07-28 00:00:00
361,jab361@utdallas.edu,)QwvV(C6zRCm,2019-05-25 00:00:00
362,bhj362@utdallas.edu,my7_A)lKSX3U,2022-11-26 00:00:00
363,cas363@utdallas.edu,U5oZ4J2pWcPe,2020-08-15 00:00:00
364,ced364@utdallas.edu,u7Mu6p@o9g*-,2022-06-01 00:00:00
365,hfb365@utdallas.edu,^VbCb*%SE603,2022-10-25 00:00:00
366,fcl366@utdallas.edu,mzLgUARZ_@)5,2021-01-07 00:00:00
367,cgj367@utdallas.edu,=y2F2*OK921_,2020-10-12 00:00:00
368,gdm368@utdallas.edu,uPDIF@QSHXvM,2023-12-14 00:00:00
369,bhd369@utdallas.edu,2ySQN14BAgT6,2023-01-27 00:00:00
370,fcs370@utdallas.edu,ki06*gdjq)WN,2023-11-30 00:00:00
371,fgg371@utdallas.edu,dF#iBo@h%viA,2024-05-19 00:00:00
372,big372@utdallas.edu,lswVWavhUJCl,2021-05-16 00:00:00
373,hgw373@utdallas.edu,QzQg8FB+j7Fr,2024-02-28 00:00:00
374,cij374@utdallas.edu,tqtRf-^O_PX*,2025-01-09 00:00:00
375,ejs375@utdallas.edu,Je1b^#vh3jPH,2020-02-11 00:00:00
376,dim376@utdallas.edu,D%SrP^@1H(W0,2019-01-16 00:00:00
377,eds377@utdallas.edu,#n7hjnJ997D!,2023-09-27 00:00:00
378,jam378@utdallas.edu,+qTd2Lhr3$Kd,2022-12-03 00:00:00
379,iam379@utdallas.edu,5#D-t%zLyv0J,2022-12-02 00:00:00
380,hdm380@utdallas.edu,p1BlBOfXam9@,2022-01-20 00:00:00
381,ecm381@utdallas.edu,D2U)sHls6Upk,2024-09-18 00:00:00
382,edm382@utdallas.edu,M=rZ3YEVYonl,2020-06-04 00:00:00
383,cbd383@utdallas.edu,!BTou$5R7FQT,2024-08-13 00:00:00
384,ggm384@utdallas.edu,plBtasTUmugn,2024-12-02 00:00:00
385,fbl385@utdallas.edu,9*jbN17G2zg7,2021-02-10 00:00:00
386,caj386@utdallas.edu,!JBRP&N)w+%m,2023-10-29 00:00:00
387,gaw387@utdallas.edu,u(gsHp*G20yO,2021-03-02 00:00:00
388,ibj388@utdallas.edu,SCfq61bg0Isb,2021-04-29 00:00:00
389,iis389@utdallas.edu,Pc^a8Lg47#M$,2021-06-20 00:00:00
390,dgb390@utdallas.edu,7pjz&L^xE%q*,2020-01-26 00:00:00
391,gbd391@utdallas.edu,3BMtvSoKRfuG,2021-07-29 00:00:00
392,hcw392@utdallas.edu,liw(nXRSV7R7,2023-12-25 00:00:00
393,jjw393@utdallas.edu,xQPo_5zmKN8T,2024-03-06 00:00:00
394,ihj394@utdallas.edu,nSo9fsQevo+a,2021-02-03 00:00:00
395,ahm395@utdallas.edu,js(kENROEZPO,2020-06-25 00:00:00
396,fes396@utdallas.edu,Wiah!S%Q8a5n,2019-06-03 00:00:00
397,dbl397@utdallas.edu,$3Rm8Gr6Gcd%,2019-06-08 00:00:00
398,fjl398@utdallas.edu,29$WEn@xDK8S,2024-12-15 00:00:00
399,ifd399@utdallas.edu,DF^)avlFJkYD,2023-08-19 00:00:00
400,aaj400@utdallas.edu,t_9@nrRh!=En,2020-08-23 00:00:00
401,gaj401@utdallas.edu,s+JCdTd+6DNK,2022-07-17 00:00:00
402,dis402@utdallas.edu,lS(@sN2Khx*Q,2023-06-05 00:00:00
403,gjb403@utdallas.edu,MTW$&mF%0yRo,2024-06-01 00:00:00
404,bfj404@utdallas.edu,o8sQoVb)M9+w,2023-11-18 00:00:00
405,ijw405@utdallas.edu,bh8pA^2Mam=P,2021-10-24 00:00:00
406,dfm406@utdallas.edu,n#7UlLsUtxsC,2022-09-30 00:00:00
407,ijj407@utdallas.edu,B+NP_gTxU79c,2021-03-08 00:00:00
408,cbb408@utdallas.edu,hAvUe9xSjqDC,2023-08-26 00:00:00
409,aal409@utdallas.edu,nU(ZKxJ0gtPW,2023-11-25 00:00:00
410,bgj410@utdallas.edu,qzC(VSyBl*b7,2024-01-22 00:00:00
411,jew411@utdallas.edu,K=JOE%KuwD0c,2022-11-06 00:00:00
412,ajm412@utdallas.edu,=c($F+LQJvgG,2023-04-03 00:00:00
413,acs413@utdallas.edu,ryKoPf#8bDR$,2024-06-27 00:00:00
414,aas414@utdallas.edu,Ax9FLtiuJzj(,2020-08-14 00:00:00
415,iab415@utdallas.edu,cNMJ%Sq)jdTA,2022-08-11 00:00:00
416,gcd416@utdallas.edu,yvIuh9Fg*!xN,2022-11-25 00:00:00
417,dis417@utdallas.edu,IrNrP864h(de,2020-06-05 00:00:00
418,efd418@utdallas.edu,T_XP^%U!GYnH,2019-05-28 00:00:00
419,bcl419@utdallas.edu,IhypaD4l*ep0,2024-08-28 00:00:00
420,ecm420@utdallas.edu,IeUj^n+IBZd0,2021-06-15 00:00:00
421,hal421@utdallas.edu,WJesf8=j)q#Y,2022-10-24 00:00:00
422,fjg422@utdallas.edu,OyQ8ftx201-f,2022-09-25 00:00:00
423,efb423@utdallas.edu,l^GrS(eJ2Ii^,2024-07-27 00:00:00
424,jbm424@utdallas.edu,28(1pVGOW14S,2022-08-28 00:00:00
425,fjm425@utdallas.edu,Ns*QLQNQ9gL9,2021-06-25 00:00:00
426,aeg426@utdallas.edu,&I&Q)T%e*PO+,2021-07-13 00:00:00
427,fdj427@utdallas.edu,bE*&qpxA#D5P,2022-09-13 00:00:00
428,gij428@utdallas.edu,rvsa8Z4YqS!a,2022-07-07 00:00:00
429,ddw429@utdallas.edu,$sTG_x#3GkJQ,2022-01-02 00:00:00
430,jgs430@utdallas.edu,kcYYLK^zIjUJ,2023-01-08 00:00:00
431,dal431@utdallas.edu,39&iQ3$esf)A,2020-10-16 00:00:00
432,adl432@utdallas.edu,+6(i!MZj+-x5,2023-10-13 00:00:00
433,jhj433@utdallas.edu,57ca_VaZbyIq,2024-04-04 00:00:00
434,dbb434@utdallas.edu,VZrgcAEPZcD7,2021-03-22 00:00:00
435,aaw435@utdallas.edu,m%joro#5PPt%,2023-07-02 00:00:00
436,gjd436@utdallas.edu,QZi@Kyt1zIOA,2019-04-19 00:00:00
437,ffg437@utdallas.edu,0J-p_7(hZrQ*,2019-04-12 00:00:00
438,dbl438@utdallas.edu,G=5rZ_Zj!0qD,2020-06-03 00:00:00
439,ccm439@utdallas.edu,DxFE3RsE_KT@,2021-11-11 00:00:00
440,cal440@utdallas.edu,O4MYYck=)oGb,2022-12-29 00:00:00
441,bfs441@utdallas.edu,x%)G1cczEbe0,2021-05-02 00:00:00
442,bal442@utdallas.edu,u=!Dm+_Z%C$L,2024-05-26 00:00:00
443,dgg443@utdallas.edu,!fAl5!f5g7iD,2024-05-07 00:00:00
444,edj444@utdallas.edu,OQwDgxskqNWF,2022-01-09 00:00:00
445,ibm445@utdallas.edu,3iN_Y+o@*CBv,2021-10-16 00:00:00
446,bhj446@utdallas.edu,YjmSaE@6w=u3,2022-09-18 00:00:00
447,fgm447@utdallas.edu,Z6!!#TIq)sYM,2022-05-21 00:00:00
448,agj448@utdallas.edu,QB9cv6CbFPL#,2021-06-14 00:00:00
449,jfj449@utdallas.edu,1VdA(xl%tG4m,2023-09-10 00:00:00
450,ccd450@utdallas.edu,vgW+5f!cpUlq,2023-06-15 00:00:00
451,cjm451@utdallas.edu,)ufdAH5$sLN_,2022-11-27 00:00:00
452,ebw452@utdallas.edu,@TYtRHhnGSkl,2021-08-05 00:00:00
453,bfs453@utdallas.edu,4b%gGGoIJK&P,2022-02-04 00:00:00
454,jam454@utdallas.edu,JvaluGLxjtR7,2023-10-28 00:00:00
455,cds455@utdallas.edu,6(DcRuEAW4%&,2024-04-07 00:00:00
456,fjj456@utdallas.edu,tNAYvY@=&fZN,2023-02-25 00:00:00
457,ihb457@utdallas.edu,%Q+wQ4X(nm0x,2021-11-20 00:00:00
458,ieb458@utdallas.edu,qw^r5t*_@2(8,2023-08-20 00:00:00
459,jfs459@utdallas.edu,jNXOb5c2f-Kk,2022-02-13 00:00:00
460,jhb460@utdallas.edu,j)eGaSB=T&^v,2024-01-13 00:00:00
461,baj461@utdallas.edu,H2NV-)+4%ZL&,2020-03-06 00:00:00
462,fdg462@utdallas.edu,H#dzY%%(Gxx&,2023-12-30 00:00:00
463,ijm463@utdallas.edu,OMW#QE3QLMnf,2023-11-10 00:00:00
464,fam464@utdallas.edu,9%#nQ65OW^kX,2024-05-11 00:00:00
465,cjm465@utdallas.edu,InxmcoFr!Nba,2024-02-17 00:00:00
466,dhm466@utdallas.edu,phd=ha(QGmS5,2019-05-28 00:00:00
467,dgs467@utdallas.edu,%vo$fs#o4d_E,2023-02-20 00:00:00
468,jdj468@utdallas.edu,!QAmnz+g*U-I,2023-01-30 00:00:00
469,aiw469@utdallas.edu,DShUmtUB-p59,2022-12-16 00:00:00
470,chm470@utdallas.edu,J2%3#KXcTWy#,2022-10-01 00:00:00
471,cij471@utdallas.edu,6h*nwAY0VQh=,2024-09-16 00:00:00
472,abg472@utdallas.edu,pbUFfK1=*-!c,2023-11-19 00:00:00
473,abb473@utdallas.edu,k-#@Ai+vDNwH,2024-03-07 00:00:00
474,jil474@utdallas.edu,v!+ns)agDi74,2021-11-03 00:00:00
475,ebj475@utdallas.edu,U@m8lW*6ZH4M,2023-04-16 00:00:00
476,gam476@utdallas.edu,D4s2EDBI9ZZK,2022-11-24 00:00:00
477,ddl477@utdallas.edu,OoWmLZ2$EORv,2024-12-17 00:00:00
478,acs478@utdallas.edu,ZYTtUdsYHS3i,2021-03-21 00:00:00
479,dcd479@utdallas.edu,gVY!%3yaf=aQ,2021-11-02 00:00:00
480,ecj480@utdallas.edu,U-fsluSD&%=C,2024-07-31 00:00:00
481,dhs481@utdallas.edu,1N3^Ppfw8qeP,2023-01-06 00:00:00
482,jas482@utdallas.edu,gRlRdbc(iJPU,2023-07-17 00:00:00
483,jgj483@utdallas.edu,Pc0#ipb(O_It,2022-05-19 00:00:00
484,ebg484@utdallas.edu,6=Vs2F)8DhW7,2019-11-21 00:00:00
485,fcj485@utdallas.edu,S74bQERgzUlp,2023-03-11 00:00:00
486,dam486@utdallas.edu,67P7S8qVH^W6,2021-08-02 00:00:00
487,fed487@utdallas.edu,!wtX3GVw78nb,2019-03-26 00:00:00
488,bjb488@utdallas.edu,w)HQAvcJpxR=,2021-12-02 00:00:00
489,acs489@utdallas.edu,AJ98NM(5($uX,2024-09-16 00:00:00
490,gid490@utdallas.edu,J%34u)vKGD-I,2020-06-14 00:00:00
491,hfg491@utdallas.edu,oC)7Z(+VJ4)G,2021-03-18 00:00:00
492,ffm492@utdallas.edu,r0Ao-sJ4t*tE,2024-01-17 00:00:00
493,fgm493@utdallas.edu,O_hH4cp6K2YR,2023-03-16 00:00:00
494,ecg494@utdallas.edu,DfQx%@KCvhGJ,2023-03-22 00:00:00
495,fgg495@utdallas.edu,7mstBN7%SS*y,2021-06-21 00:00:00
496,cdm496@utdallas.edu,L9FMOlfW+SI0,2020-02-23 00:00:00
497,ijj497@utdallas.edu,Mk2e=2Cdd*ky,2022-11-25 00:00:00
498,gem498@utdallas.edu,*VEjHL=I%CzE,2021-11-10 00:00:00
499,jbb499@utdallas.edu,+sj7^60Qcw9y,2023-01-16 00:00:00
500,acw500@utdallas.edu,-2c-%N3n6Jrn,2022-07-02 00:00:00
501,eis501@utdallas.edu,X)psHS-mZPLK,2021-01-09 00:00:00
502,fbj502@utdallas.edu,81PKDFD^XlNc,2021-07-25 00:00:00
503,fbw503@utdallas.edu,XCxf)abmyC6I,2023-06-23 00:00:00
504,heb504@utdallas.edu,Q99D0Q6GpoOy,2023-07-21 00:00:00
505,feg505@utdallas.edu,n2o4t14i-#sO,2022-12-12 00:00:00
506,ccb506@utdallas.edu,ewmgX+YLtoHD,2023-05-04 00:00:00
507,jgj507@utdallas.edu,*W86GR18*asU,2023-05-08 00:00:00
508,abg508@utdallas.edu,aaaCYG(Wo#7I,2020-03-01 00:00:00
509,ceb509@utdallas.edu,vPsb@1jmTPMA,2023-11-04 00:00:00
510,eds510@utdallas.edu,27zOp$6e)pw9,2024-04-29 00:00:00
511,ahm511@utdallas.edu,zZ0sDtFz&5zz,2023-04-06 00:00:00
512,gas512@utdallas.edu,^clMv&6lBsnc,2021-04-24 00:00:00
513,jfs513@utdallas.edu,qA-9mZHWEJ5z,2024-11-13 00:00:00
514,dem514@utdallas.edu,Eg^e-uIR80xC,2023-10-23 00:00:00
515,ahd515@utdallas.edu,cdbIE2lVi+k@,2019-09-27 00:00:00
516,fjs516@utdallas.edu,e4u1%e8hC@3d,2022-11-21 00:00:00
517,iem517@utdallas.edu,HaSLdbonJAnY,2021-10-08 00:00:00
518,bjj518@utdallas.edu,aJ+Kv^sJ(F4W,2023-09-14 00:00:00
519,acl519@utdallas.edu,f2Ar2zT6&60C,2021-02-02 00:00:00
520,afd520@utdallas.edu,WUIjaH*0EQo+,2021-10-11 00:00:00
521,ggm521@utdallas.edu,JUdU6hdKMV-0,2023-03-03 00:00:00
522,fbl522@utdallas.edu,-j#-CPIIyVNr,2023-08-01 00:00:00
523,dfl523@utdallas.edu,MN1j7x6ic*B%,2021-05-11 00:00:00
524,eim524@utdallas.edu,$p&P&(Hv7^b+,2019-04-11 00:00:00
525,ehm525@utdallas.edu,uEy#Gm(%M4Wv,2023-08-04 00:00:00
526,fhg526@utdallas.edu,^-HxlSuM$&lo,2021-02-18 00:00:00
527,jcm527@utdallas.edu,cBqXf(kq=#zT,2024-12-08 00:00:00
528,jam528@utdallas.edu,D=50m4F3l(Ru,2024-08-12 00:00:00
529,eim529@utdallas.edu,Vh0lYSbWW#EM,2022-02-15 00:00:00
530,aib530@utdallas.edu,IXS1m0eDCDem,2023-09-25 00:00:00
531,ags531@utdallas.edu,JzcQyZNVQ0I@,2021-11-30 00:00:00
532,ael532@utdallas.edu,ajQEyslzbqvv,2019-04-24 00:00:00
533,ggs533@utdallas.edu,_vHc3S7uiNp8,2024-02-08 00:00:00
534,eaj534@utdallas.edu,UsQY)P%qwYCP,2021-04-19 00:00:00
535,cfg535@utdallas.edu,jKFIMrRRcqpG,2023-02-12 00:00:00
536,fbw536@utdallas.edu,h6@XkK(Sortm,2021-09-08 00:00:00
537,fjs537@utdallas.edu,px)ANzbsV9Dl,2022-10-12 00:00:00
538,fjl538@utdallas.edu,R9QIF_ON(zUw,2021-12-08 00:00:00
539,jgj539@utdallas.edu,L83-2v8(fuV+,2024-05-06 00:00:00
540,hjl540@utdallas.edu,!EVgz&P2At&v,2022-12-24 00:00:00
541,ijl541@utdallas.edu,ukol3-dlYG4P,2024-06-06 00:00:00
542,aej542@utdallas.edu,y*f*!haY=tvZ,2024-06-20 00:00:00
543,aag543@utdallas.edu,Joi-KQy7p9S%,2023-01-17 00:00:00
544,cgg544@utdallas.edu,ykBuJSZ^Q(&n,2024-09-29 00:00:00
545,bis545@utdallas.edu,AEF%Y)OYSM)0,2021-09-29 00:00:00
546,fhj546@utdallas.edu,#9%K!Sq)xQzj,2019-11-05 00:00:00
547,jal547@utdallas.edu,zRKxCrjpEaEh,2023-02-07 00:00:00
548,egm548@utdallas.edu,1JCO-&haaoZ*,2022-08-22 00:00:00
549,ggs549@utdallas.edu,5XJ(oET00Mo&,2023-11-13 00:00:00
550,fcj550@utdallas.edu,OQ()lXhuVcE(,2024-10-03 00:00:00
551,gdl551@utdallas.edu,EH%J*+95(#ju,2023-08-30 00:00:00
552,gjm552@utdallas.edu,YUfxVaY$*L8Q,2023-04-08 00:00:00
553,ifj553@utdallas.edu,6!q2f$$KrhG6,2021-07-30 00:00:00
554,fim554@utdallas.edu,9KxRbSdDEYR&,2024-07-22 00:00:00
555,jgm555@utdallas.edu,PQYI8DQ4wZ&5,2023-03-25 00:00:00
556,jcg556@utdallas.edu,ii3)&!$Pmo0R,2019-06-23 00:00:00
557,bcm557@utdallas.edu,OxRQiY_TX%KR,2019-06-29 00:00:00
558,jab558@utdallas.edu,2$AywZx(u_Hq,2021-04-24 00:00:00
559,bfj559@utdallas.edu,O)&woldzs*AB,2022-04-02 00:00:00
560,aab560@utdallas.edu,+*0M(SMqy4P(,2022-11-15 00:00:00
561,bcj561@utdallas.edu,7l$kEr_YZ(LL,2019-02-12 00:00:00
562,djm562@utdallas.edu,9wW!G630dtAJ,2022-10-27 00:00:00
563,bej563@utdallas.edu,!bM@YxPG4_^W,2022-01-20 00:00:00
564,bdj564@utdallas.edu,@v@t-8BzAgcR,2021-12-08 00:00:00
565,fam565@utdallas.edu,ybDpkd+R%EkD,2023-11-01 00:00:00
566,fbb566@utdallas.edu,OYNHS3YBT=fB,2021-03-26 00:00:00
567,bfj567@utdallas.edu,nQMY%21r(*k=,2020-01-12 00:00:00
568,ahs568@utdallas.edu,MZ0^+V0nj*-6,2021-09-19 00:00:00
569,iam569@utdallas.edu,GaNRyh)HUrA%,2022-07-25 00:00:00
570,bhj570@utdallas.edu,G!AQ^r1X^13X,2022-06-07 00:00:00
571,cdb571@utdallas.edu,*@ojz)lq5!Q#,2020-01-16 00:00:00
572,dbs572@utdallas.edu,Eks2bLCX2pR*,2022-02-07 00:00:00
573,giw573@utdallas.edu,4g%+c$D5lZtU,2019-06-27 00:00:00
574,gdw574@utdallas.edu,yQnZX&0u1=sO,2023-08-29 00:00:00
575,jim575@utdallas.edu,vKHAynfGO5dW,2021-04-18 00:00:00
576,ghs576@utdallas.edu,JN7CEMS&!f(y,2021-09-15 00:00:00
577,jes577@utdallas.edu,IfuGyafn8=Pm,2023-09-25 00:00:00
578,cam578@utdallas.edu,6oGyxf-LKY!(,2021-07-29 00:00:00
579,bhm579@utdallas.edu,1_md*H^+!aMY,2023-10-11 00:00:00
580,jhd580@utdallas.edu,(@6g@W9D8s&5,2021-03-24 00:00:00
581,jcb581@utdallas.edu,whWXLi)%Xi1S,2023-05-19 00:00:00
582,faw582@utdallas.edu,zm0Hn0et_1nq,2024-11-18 00:00:00
583,djw583@utdallas.edu,KWtJkPL4A+Sf,2023-07-05 00:00:00
584,egm584@utdallas.edu,DvD&+GNYR)Q2,2019-03-27 00:00:00
585,jjm585@utdallas.edu,uck738I!^LW$,2023-08-04 00:00:00
586,iis586@utdallas.edu,yq9Cs)Ii5^h4,2021-04-01 00:00:00
587,gjb587@utdallas.edu,(f*06&92r%XF,2022-01-26 00:00:00
588,bij588@utdallas.edu,^4xEE8nQ+QKj,2020-11-12 00:00:00
589,hfd589@utdallas.edu,srNMYJWdz!Wd,2021-01-02 00:00:00
590,aaj590@utdallas.edu,oc+SCt9O8)fL,2021-09-16 00:00:00
591,fas591@utdallas.edu,k7&kQ8-&AKg5,2022-11-03 00:00:00
592,gbd592@utdallas.edu,p=1OkXU1qOUx,2019-11-26 00:00:00
593,ahl593@utdallas.edu,OT^SJRH4IE^6,2023-07-27 00:00:00
594,dcg594@utdallas.edu,Onlo78ulJp11,2023-11-16 00:00:00
595,hdm595@utdallas.edu,or=l)YDxP4Uo,2022-05-24 00:00:00
596,aig596@utdallas.edu,O%g3swFywwEz,2023-09-21 00:00:00
597,gjd597@utdallas.edu,+hKBJwS54a8Y,2022-10-05 00:00:00
598,dfm598@utdallas.edu,1(GhZOkLuDV4,2023-06-10 00:00:00
599,eib599@utdallas.edu,kK3#J3wNN5xX,2024-06-08 00:00:00
600,ghb600@utdallas.edu,cEnGo&6L#W+V,2020-03-17 00:00:00
601,gas601@utdallas.edu,IY!3H078MhF!,2021-07-23 00:00:00
602,idj602@utdallas.edu,u*T=Wh+rV37l,2024-04-19 00:00:00
603,afm603@utdallas.edu,7c83Xp((Wu2q,2024-10-27 00:00:00
604,idm604@utdallas.edu,-KF-n2Df4pVm,2020-08-21 00:00:00
605,efb605@utdallas.edu,K=UN)J3uOB)-,2021-01-08 00:00:00
606,gfg606@utdallas.edu,4%fIRYP2WLH1,2024-01-22 00:00:00
607,ibb607@utdallas.edu,9oy1Y)&$=P_p,2023-03-01 00:00:00
608,bjs608@utdallas.edu,X)rIp*sCGt4Y,2023-08-25 00:00:00
609,ahm609@utdallas.edu,KE=KZa^==&x$,2021-08-04 00:00:00
610,bhs610@utdallas.edu,bCxJ&a+#GyYW,2024-04-10 00:00:00
611,eig611@utdallas.edu,QNE)2DR9gG_m,2024-06-28 00:00:00
612,igj612@utdallas.edu,U69aI(VADVAo,2023-12-28 00:00:00
613,fcj613@utdallas.edu,(@xb$I6kP*Bj,2021-03-06 00:00:00
614,bdj614@utdallas.edu,9#oTqugYM_uA,2020-01-17 00:00:00
615,bjj615@utdallas.edu,)GkH=Ed5@_P7,2021-09-22 00:00:00
616,ddd616@utdallas.edu,s!6qKeew-5$Z,2020-12-07 00:00:00
617,ehm617@utdallas.edu,dos)eUR*$nWe,2019-08-30 00:00:00
618,ifl618@utdallas.edu,%x+-1wUzD9)4,2022-11-23 00:00:00
619,bjj619@utdallas.edu,aAzS5U)@O8XL,2024-07-15 00:00:00
620,ebl620@utdallas.edu,FjxHDhKjFbwy,2020-05-28 00:00:00
621,ahs621@utdallas.edu,E0-EH$T*psXU,2022-01-28 00:00:00
622,fbl622@utdallas.edu,VZDLq-AQJ=9L,2021-01-24 00:00:00
623,jgg623@utdallas.edu,0&QX(p0ZIAQL,2021-05-06 00:00:00
624,cgs624@utdallas.edu,dYTA^jgd_+9K,2023-04-25 00:00:00
625,cbm625@utdallas.edu,89T8y&K%Pl*&,2023-02-13 00:00:00
626,heb626@utdallas.edu,*Pn5KV=faews,2020-08-18 00:00:00
627,caj627@utdallas.edu,Tk0Y96*k_vp8,2023-02-12 00:00:00
628,dcj628@utdallas.edu,CpJqJhSuKRld,2021-10-08 00:00:00
629,efb629@utdallas.edu,(Rq7P=KcZmEZ,2019-10-22 00:00:00
630,efs630@utdallas.edu,rj61E=ksH^O=,2021-08-17 00:00:00
631,cbd631@utdallas.edu,6GS!$D9g0cdX,2023-11-29 00:00:00
632,adm632@utdallas.edu,@js&#6mqE^y3,2019-11-05 00:00:00
633,dbj633@utdallas.edu,#AZrjLA%n1l0,2023-04-15 00:00:00
634,fes634@utdallas.edu,DNg8$q+7xIE(,2022-05-24 00:00:00
635,hjl635@utdallas.edu,B%WaKC^p2*fr,2023-03-09 00:00:00
636,gim636@utdallas.edu,oi9G)WH%r_0o,2023-05-22 00:00:00
637,bas637@utdallas.edu,#8Ye1both%@z,2023-01-08 00:00:00
638,dil638@utdallas.edu,LL5R@emK2-c+,2021-12-28 00:00:00
639,baw639@utdallas.edu,Gifu2QVV0Ssn,2020-10-31 00:00:00
640,iej640@utdallas.edu,mJm$8A3Cwa5B,2023-07-26 00:00:00
641,aij641@utdallas.edu,QxsXWMLM%DuN,2022-09-02 00:00:00
642,cgd642@utdallas.edu,Tq-g#w&V@msU,2021-10-16 00:00:00
643,cfs643@utdallas.edu,kKVj^o!yANUl,2021-10-14 00:00:00
644,aag644@utdallas.edu,Qv(CZh8SPWWI,2024-06-28 00:00:00
645,cis645@utdallas.edu,W=%Dz2U5gHQV,2022-09-03 00:00:00
646,ieb646@utdallas.edu,iLDzr%9u)s=x,2024-06-10 00:00:00
647,bdm647@utdallas.edu,CL+J+jzF8d7w,2019-09-14 00:00:00
648,jbm648@utdallas.edu,GiL+AFD=yKeW,2019-04-09 00:00:00
649,jew649@utdallas.edu,TGsLEPXIeYTa,2024-06-28 00:00:00
650,jbs650@utdallas.edu,2VM5+qnKeSwd,2022-10-22 00:00:00
651,hjs651@utdallas.edu,c=rnJm3$4D%X,2023-07-09 00:00:00
652,abs652@utdallas.edu,JUGdIE#yxp(=,2023-10-16 00:00:00
653,aeb653@utdallas.edu,C@jDNpZ2sam5,2020-08-27 00:00:00
654,igd654@utdallas.edu,lc!zyGL$@Jh1,2022-12-15 00:00:00
655,dab655@utdallas.edu,LClwuUvH*(L#,2022-01-15 00:00:00
656,bhw656@utdallas.edu,8wgFE_bf4+WJ,2024-08-08 00:00:00
657,ehg657@utdallas.edu,X4j#Ew=-EynK,2020-11-03 00:00:00
658,bam658@utdallas.edu,GtPp5C-LLiRI,2024-11-14 00:00:00
659,bgm659@utdallas.edu,SffxF5yd=c$(,2022-06-18 00:00:00
660,jad660@utdallas.edu,j!G4=fIM9-d%,2022-04-25 00:00:00
661,heb661@utdallas.edu,Dkzu2%qw4m)v,2023-10-23 00:00:00
662,bhl662@utdallas.edu,v#MWOabrgOD9,2019-02-09 00:00:00
663,gfw663@utdallas.edu,Z0E41PfLUL3R,2022-01-25 00:00:00
664,cgd664@utdallas.edu,qY&S-efKcgDh,2021-03-26 00:00:00
665,ghl665@utdallas.edu,F*8!5)U+rPM-,2024-01-11 00:00:00
666,chb666@utdallas.edu,6kxJ3Lx9!hrt,2023-03-19 00:00:00
667,jjw667@utdallas.edu,J94(a1aDVenm,2022-11-11 00:00:00
668,cbd668@utdallas.edu,8d3!97)Gd)Z2,2021-03-11 00:00:00
669,bhg669@utdallas.edu,YMqZ^KtNJf(s,2021-11-24 00:00:00
670,afj670@utdallas.edu,3vqX^#f0=z7B,2024-12-30 00:00:00
671,ieg671@utdallas.edu,WrQ#^ufiAQ=i,2023-02-03 00:00:00
672,cdg672@utdallas.edu,rp6gIQ)JkEZ4,2021-10-27 00:00:00
673,idm673@utdallas.edu,wJqspezKPxB^,2023-04-16 00:00:00
674,eim674@utdallas.edu,O=C35%_oOvN+,2021-05-31 00:00:00
675,ehj675@utdallas.edu,ESeVM+zyy1jK,2021-09-18 00:00:00
676,hhg676@utdallas.edu,FTzaydgxB#vZ,2022-10-21 00:00:00
677,ejw677@utdallas.edu,)_VD3&Q=@+8P,2021-12-06 00:00:00
678,jbm678@utdallas.edu,)IKsd3hYQBO),2023-02-15 00:00:00
679,hjj679@utdallas.edu,r5Wdy9ET#=YQ,2023-10-05 00:00:00
680,hhj680@utdallas.edu,W2!%BRzAEey-,2021-03-07 00:00:00
681,caw681@utdallas.edu,4LkBAMX&p-(_,2023-10-29 00:00:00
682,bew682@utdallas.edu,yX9m=W0BiN2S,2019-05-26 00:00:00
683,bim683@utdallas.edu,*R#IPLca1Q+-,2022-04-30 00:00:00
684,egg684@utdallas.edu,5bRwd&V$#wN_,2024-09-08 00:00:00
685,gds685@utdallas.edu,U)7KV3ODDbo=,2024-05-08 00:00:00
686,faw686@utdallas.edu,igwBZxZ(y4+N,2023-12-08 00:00:00
687,gej687@utdallas.edu,1E0^rw3B31UO,2023-11-20 00:00:00
688,ghl688@utdallas.edu,GaB3gTUUxcAw,2020-10-19 00:00:00
689,icd689@utdallas.edu,EgU0gG2ch32c,2020-02-10 00:00:00
690,ifm690@utdallas.edu,h5Rwy*#o=RAY,2024-07-27 00:00:00
691,bim691@utdallas.edu,o-cnY+ttWGmf,2023-03-14 00:00:00
692,ffj692@utdallas.edu,*4muRlanRkIA,2022-07-12 00:00:00
693,ibl693@utdallas.edu,JPdlLSU&!P^u,2021-06-14 00:00:00
694,dhg694@utdallas.edu,0-h8qAHSjHqt,2020-04-26 00:00:00
695,fgs695@utdallas.edu,ni#Il*$VN_nF,2023-07-05 00:00:00
696,jaw696@utdallas.edu,pyi=pR5B_pR$,2021-11-13 00:00:00
697,edd697@utdallas.edu,ze$sVq!!Ji)+,2022-05-13 00:00:00
698,idm698@utdallas.edu,8hY0^w^69LXq,2022-12-03 00:00:00
699,acg699@utdallas.edu,34q!xNZW^DMm,2022-09-10 00:00:00
700,gcw700@utdallas.edu,AK0nI**4n6tK,2021-03-05 00:00:00
701,cdl701@utdallas.edu,mt)K#96NJ(YR,2021-01-23 00:00:00
702,egl702@utdallas.edu,Vv(KB7!ev=$#,2021-01-15 00:00:00
703,ifb703@utdallas.edu,g7djKSlai*a8,2021-11-02 00:00:00
704,cgj704@utdallas.edu,mwPWJ*Qn5Gou,2021-08-09 00:00:00
705,ijg705@utdallas.edu,w2u&RcBxAv92,2022-05-31 00:00:00
706,bej706@utdallas.edu,Y)TyUHO02kig,2020-05-23 00:00:00
707,fgj707@utdallas.edu,im3z2+7caAt6,2022-01-02 00:00:00
708,gij708@utdallas.edu,p_ltjAr@@$S2,2019-05-01 00:00:00
709,dbl709@utdallas.edu,nLoDLL^OkJy=,2022-02-14 00:00:00
710,hcb710@utdallas.edu,dGUyBm!aUlIl,2023-08-06 00:00:00
711,cad711@utdallas.edu,JsugbNJ-PlWg,2022-03-02 00:00:00
712,ifd712@utdallas.edu,+53Bcz^CE=ja,2021-07-13 00:00:00
713,bdj713@utdallas.edu,-(xBW0Ij5ufT,2021-08-14 00:00:00
714,bes714@utdallas.edu,s=VlvYVLn23s,2022-02-01 00:00:00
715,ias715@utdallas.edu,TdxeJh@s*a%J,2023-04-06 00:00:00
716,jim716@utdallas.edu,Ncq@Z#9a&VAB,2022-03-09 00:00:00
717,cad717@utdallas.edu,Eq0caPm)xU*R,2021-11-27 00:00:00
718,ggb718@utdallas.edu,qNHGVb&$$I-T,2021-03-15 00:00:00
719,gbb719@utdallas.edu,H3CmAtz#3KUu,2020-11-16 00:00:00
720,hfg720@utdallas.edu,pVZjBLIlPkgI,2023-03-12 00:00:00
721,ahj721@utdallas.edu,%upFs!EI#ucd,2024-03-31 00:00:00
722,efj722@utdallas.edu,eH#XEq^0MXQp,2021-04-02 00:00:00
723,jcj723@utdallas.edu,HbScQ)xfBF^v,2022-09-19 00:00:00
724,fam724@utdallas.edu,O@xtU4@b*PUe,2020-07-01 00:00:00
725,hgl725@utdallas.edu,B_6h9_ijOTNI,2021-06-02 00:00:00
726,fcs726@utdallas.edu,QFruxZKp1T1l,2021-11-30 00:00:00
727,abd727@utdallas.edu,wmU_luRsnKK+,2022-02-24 00:00:00
728,fgj728@utdallas.edu,pEPL9A8gt8DY,2022-01-17 00:00:00
729,jjd729@utdallas.edu,Sr7aNclKeTKl,2023-02-09 00:00:00
730,bem730@utdallas.edu,YnHziyI=ace_,2023-11-20 00:00:00
731,bdb731@utdallas.edu,y+k2NAd%&Nrn,2024-08-31 00:00:00
732,cag732@utdallas.edu,X2ejOHgi@!gu,2021-03-12 00:00:00
733,gdl733@utdallas.edu,yD3%o@BIxREU,2022-03-19 00:00:00
734,ffj734@utdallas.edu,KkZR@t-Y39gm,2022-04-02 00:00:00
735,jgj735@utdallas.edu,y)7i+orJ6%G_,2023-03-15 00:00:00
736,ejm736@utdallas.edu,YMLxEMddUv9e,2024-06-16 00:00:00
737,fcl737@utdallas.edu,GDMQGI$h#eRf,2024-02-16 00:00:00
738,ffd738@utdallas.edu,DqhPZoUlYHHF,2023-05-10 00:00:00
739,fem739@utdallas.edu,Cq-&jagW!a7p,2021-08-03 00:00:00
740,efm740@utdallas.edu,!!UmHLZHt$@W,2020-08-27 00:00:00
741,jbj741@utdallas.edu,Wpm6_yFbwN5!,2023-06-14 00:00:00
742,fed742@utdallas.edu,2Uk1Ss+=Mdyo,2020-10-21 00:00:00
743,bjl743@utdallas.edu,81w$1Zae+moN,2021-02-27 00:00:00
744,gfb744@utdallas.edu,IGJOfxRGL52^,2024-06-26 00:00:00
745,hhw745@utdallas.edu,F6!G40g8epp9,2021-02-21 00:00:00
746,ham746@utdallas.edu,giP4WhbDuqZ^,2023-09-03 00:00:00
747,iag747@utdallas.edu,Xai#3)UF@Qi%,2019-06-16 00:00:00
748,dcw748@utdallas.edu,3_5VuS!k#2(Y,2022-12-28 00:00:00
749,fdw749@utdallas.edu,CH)d^N*X4V!5,2023-01-02 00:00:00
750,fcw750@utdallas.edu,(Ly8d@s@qbV7,2021-08-24 00:00:00
751,djl751@utdallas.edu,SDGpn_#&lhFY,2024-02-12 00:00:00
752,acs752@utdallas.edu,g7tzUZI!U_+x,2024-01-08 00:00:00
753,dhj753@utdallas.edu,8B&%faAA8E!o,2023-11-20 00:00:00
754,gej754@utdallas.edu,AtU2IPw560U_,2020-04-28 00:00:00
755,hfw755@utdallas.edu,kELw0^Yy*9Rm,2020-10-14 00:00:00
756,cfb756@utdallas.edu,-desoC-xiGsG,2024-06-29 00:00:00
757,hgw757@utdallas.edu,bMcW*0HGCAlD,2024-05-04 00:00:00
758,dcd758@utdallas.edu,FoRSwtF3DFO6,2021-07-14 00:00:00
759,jjw759@utdallas.edu,g2W5IPW$UEV@,2022-05-03 00:00:00
760,caj760@utdallas.edu,VLo6=uMeSl5j,2023-02-06 00:00:00
761,heb761@utdallas.edu,cXPK+wGKQ1UC,2023-07-12 00:00:00
762,fhw762@utdallas.edu,9N^xC#48^tQ9,2023-12-19 00:00:00
763,dim763@utdallas.edu,irdg7S2*bb)w,2023-03-21 00:00:00
764,jhw764@utdallas.edu,wIBAr3wt+Fnh,2024-04-10 00:00:00
765,ghm765@utdallas.edu,S1hd!s=#%h!T,2019-09-12 00:00:00
766,bjj766@utdallas.edu,C#&^wfNsTj!U,2022-03-17 00:00:00
767,ccb767@utdallas.edu,(hpppF8EBnDE,2022-03-26 00:00:00
768,bfm768@utdallas.edu,Jm^gsR!h+4_J,2024-12-06 00:00:00
769,jgm769@utdallas.edu,%G#SzmWKmOu2,2021-03-28 00:00:00
770,ajl770@utdallas.edu,^whVC-#rWnEv,2024-08-22 00:00:00
771,icg771@utdallas.edu,MALF&yViXbQ_,2022-11-30 00:00:00
772,ags772@utdallas.edu,VIbfNet2)y^M,2023-11-02 00:00:00
773,ifm773@utdallas.edu,kN)zG2BupMt2,2020-11-13 00:00:00
774,jbd774@utdallas.edu,rwc40d)80GI^,2021-10-17 00:00:00
775,cgm775@utdallas.edu,bxdfCBDe1pn(,2022-09-19 00:00:00
776,jjj776@utdallas.edu,iT=p1Jx=Vr2(,2024-04-22 00:00:00
777,aag777@utdallas.edu,TK5$F+2$BH^M,2024-09-17 00:00:00
778,abs778@utdallas.edu,tY-gBiSP!Z8P,2022-12-18 00:00:00
779,bdm779@utdallas.edu,r91LMZw-FuPN,2020-11-03 00:00:00
780,jhm780@utdallas.edu,034-jB8NW!Y-,2022-10-16 00:00:00
781,gds781@utdallas.edu,pswaW9(swojZ,2022-06-20 00:00:00
782,egb782@utdallas.edu,kCf+eyapneA+,2024-02-29 00:00:00
783,jhw783@utdallas.edu,U84Pvw0FY1x8,2024-12-17 00:00:00
784,feb784@utdallas.edu,VU1phr0nlw0-,2022-03-15 00:00:00
785,ccb785@utdallas.edu,pdDj3_BB94sf,2021-01-13 00:00:00
786,gfj786@utdallas.edu,xxY2VH$yiyu^,2021-01-29 00:00:00
787,ghs787@utdallas.edu,Rfc6-iQ!EaKr,2024-01-25 00:00:00
788,cdm788@utdallas.edu,!nqi=6#od$On,2023-10-15 00:00:00
789,fil789@utdallas.edu,PoigDyRCorh-,2022-05-13 00:00:00
790,icl790@utdallas.edu,jQX5T9t=dZe8,2023-11-30 00:00:00
791,bfj791@utdallas.edu,0&kDHJi0HURu,2024-03-04 00:00:00
792,hjm792@utdallas.edu,wzXQ4cJ#8Ni4,2019-06-12 00:00:00
793,hgj793@utdallas.edu,i7@8rZEr&H0K,2020-10-19 00:00:00
794,bfm794@utdallas.edu,yvaq8$e2qRY_,2022-10-11 00:00:00
795,jjm795@utdallas.edu,i4afr6uvvUdO,2021-06-22 00:00:00
796,ces796@utdallas.edu,K3LpytFfFjMD,2024-06-08 00:00:00
797,hib797@utdallas.edu,Bxt(=+a@^#Be,2023-12-30 00:00:00
798,gij798@utdallas.edu,(gvU8_B4m0zP,2020-10-15 00:00:00
799,ifs799@utdallas.edu,56RM*U8F=Lkd,2020-06-30 00:00:00
800,ffj800@utdallas.edu,Jq!R6JWrOuck,2022-03-07 00:00:00
801,cjm801@utdallas.edu,wXi)AVjpv*ME,2023-06-28 00:00:00
802,fim802@utdallas.edu,9i8rz79#7k-m,2023-09-08 00:00:00
803,hhd803@utdallas.edu,fp!MJ#Jl0nTD,2024-12-18 00:00:00
804,bhg804@utdallas.edu,M+#XQjHe15ZY,2022-04-01 00:00:00
805,hhd805@utdallas.edu,(gi4mA@Wxp*9,2020-09-11 00:00:00
806,afj806@utdallas.edu,JV+JmBF#297s,2023-07-25 00:00:00
807,fbj807@utdallas.edu,H2@Ccx%nHC)U,2020-03-25 00:00:00
808,dhb808@utdallas.edu,Q-6ygvcHURF3,2024-04-11 00:00:00
809,igg809@utdallas.edu,NT=8ge33@#%h,2023-05-14 00:00:00
810,hhw810@utdallas.edu,HjF!Tk2+5@Oo,2021-06-26 00:00:00
811,icb811@utdallas.edu,AxL)GVE0saBz,2022-07-28 00:00:00
812,gam812@utdallas.edu,V$$q5bNrhY@t,2023-04-28 00:00:00
813,cdm813@utdallas.edu,Nq&d9Ns$dvEY,2021-06-12 00:00:00
814,cdg814@utdallas.edu,iVVwt4hJDezw,2022-05-23 00:00:00
815,gfj815@utdallas.edu,rfzxHMPQa0oq,2021-04-06 00:00:00
816,dhj816@utdallas.edu,^w*4!sFB!CpZ,2023-06-15 00:00:00
817,jab817@utdallas.edu,O)28lwbj=DvS,2019-12-21 00:00:00
818,aab818@utdallas.edu,(UEMZnIubzuP,2022-04-17 00:00:00
819,dcj819@utdallas.edu,CilYSa+&qCiT,2024-05-15 00:00:00
820,cej820@utdallas.edu,W34GP$IeBvxu,2020-02-03 00:00:00
821,ffm821@utdallas.edu,CdvF7pdEeqts,2022-06-07 00:00:00
822,aes822@utdallas.edu,o%OdG%lA%erH,2019-07-10 00:00:00
823,dcm823@utdallas.edu,50f3iw!G_77L,2019-11-03 00:00:00
824,gem824@utdallas.edu,5ElKfu_^tURF,2024-09-02 00:00:00
825,fgw825@utdallas.edu,nV9J7x8ra2V$,2020-03-03 00:00:00
826,eag826@utdallas.edu,@jphItUw8#YU,2024-02-13 00:00:00
827,bhs827@utdallas.edu,wua#@5LeZ^Vc,2022-12-05 00:00:00
828,hgb828@utdallas.edu,V^U3N9Ih9YD7,2020-06-15 00:00:00
829,adj829@utdallas.edu,a$Oo=LNH-kXM,2024-05-21 00:00:00
830,jdw830@utdallas.edu,(Y439-)C3QeD,2021-07-06 00:00:00
831,hjd831@utdallas.edu,NA_s#8s-4!Hn,2021-06-02 00:00:00
832,igd832@utdallas.edu,7E)-l1UxkI30,2021-03-12 00:00:00
833,abm833@utdallas.edu,t-p6@Qh-C1i&,2022-06-09 00:00:00
834,dej834@utdallas.edu,RtrnkQ9p74gP,2023-08-21 00:00:00
835,hab835@utdallas.edu,DhR)6RdmNW&T,2023-10-06 00:00:00
836,ahm836@utdallas.edu,yOL6DAGbro#+,2021-12-13 00:00:00
837,fcj837@utdallas.edu,SYoA32RjrTSG,2023-12-08 00:00:00
838,aem838@utdallas.edu,N+=#mQBhCfUK,2020-03-02 00:00:00
839,jed839@utdallas.edu,AghLjc*zPgt=,2021-05-12 00:00:00
840,gdm840@utdallas.edu,i%PoeDMP$MzS,2019-07-02 00:00:00
841,jij841@utdallas.edu,Vhst^9(#WbrW,2024-07-30 00:00:00
842,chj842@utdallas.edu,ihHZUitrsuxX,2024-05-17 00:00:00
843,dgj843@utdallas.edu,w2v4CUScM4-C,2021-10-03 00:00:00
844,cbj844@utdallas.edu,3_#qzPquV*#),2021-12-25 00:00:00
845,aes845@utdallas.edu,KU=dy%HiUjnE,2023-05-25 00:00:00
846,hjm846@utdallas.edu,cCHFlG3psl(E,2020-08-06 00:00:00
847,aiw847@utdallas.edu,ffzU&pRzl_6v,2024-11-23 00:00:00
848,jhd848@utdallas.edu,Vr9V0NZZGw4d,2020-07-12 00:00:00
849,egb849@utdallas.edu,ibGYCi(w*xvQ,2024-06-13 00:00:00
850,jbj850@utdallas.edu,GXQaWU)P=P*D,2024-03-06 00:00:00
851,djg851@utdallas.edu,A9*TsLZ3r(28,2024-10-05 00:00:00
852,abg852@utdallas.edu,5q5t9ih5^V(4,2022-05-28 00:00:00
853,aiw853@utdallas.edu,5YQ2s)02F2!8,2023-02-06 00:00:00
854,jjb854@utdallas.edu,spd&RbOEDlwB,2024-04-25 00:00:00
855,cjs855@utdallas.edu,-4e(uK-ycw9B,2024-07-11 00:00:00
856,ial856@utdallas.edu,Or59LPRDqV^f,2022-07-18 00:00:00
857,ghd857@utdallas.edu,iYhxwc*uK*7B,2020-09-30 00:00:00
858,bjg858@utdallas.edu,-I!-^-JT3i3-,2019-11-02 00:00:00
859,bfw859@utdallas.edu,)S*f_CX4sptm,2021-10-15 00:00:00
860,ibd860@utdallas.edu,bzVk8X^=*=pB,2023-10-11 00:00:00
861,hgm861@utdallas.edu,D8R^S=&4Ga4E,2021-08-18 00:00:00
862,jdg862@utdallas.edu,Xg)qZAyhWa3j,2021-12-04 00:00:00
863,eab863@utdallas.edu,K2@d#5oa$)TU,2024-02-23 00:00:00
864,faw864@utdallas.edu,+hL^7Azep=KB,2022-02-05 00:00:00
865,gaj865@utdallas.edu,V8rA7$Y$g(=M,2022-10-01 00:00:00
866,cfd866@utdallas.edu,q3l9X!kjptE&,2023-09-20 00:00:00
867,ias867@utdallas.edu,WY5hg8&8SJ&h,2024-12-26 00:00:00
868,jbl868@utdallas.edu,G&VGJbERHm_s,2021-07-17 00:00:00
869,ajm869@utdallas.edu,JNkyI!nNoz)&,2023-12-31 00:00:00
870,jjl870@utdallas.edu,mVUscdU!JkdO,2020-06-04 00:00:00
871,gjm871@utdallas.edu,C$xsl$jO_4Qi,2024-06-23 00:00:00
872,chg872@utdallas.edu,VC=riK4eL-9n,2019-03-25 00:00:00
873,bis873@utdallas.edu,FRbLzmIyJF%0,2023-07-14 00:00:00
874,haj874@utdallas.edu,@A4zeDuPPg@P,2021-09-02 00:00:00
875,jhm875@utdallas.edu,Tl(8)O36I%_T,2024-09-21 00:00:00
876,bbj876@utdallas.edu,4CSMlRk4Ec*P,2022-07-24 00:00:00
877,jcm877@utdallas.edu,bX_Hdk2x)MCD,2021-07-08 00:00:00
878,deg878@utdallas.edu,^DRqW4^@6QPI,2021-01-19 00:00:00
879,djm879@utdallas.edu,Zf-Zj-tH2E#q,2022-03-28 00:00:00
880,dbg880@utdallas.edu,xnB6_-U&uzUg,2024-05-15 00:00:00
881,hhw881@utdallas.edu,kL@AQDw)y=2U,2021-07-15 00:00:00
882,dab882@utdallas.edu,Qs$MlnDiN7&_,2020-06-01 00:00:00
883,fdw883@utdallas.edu,2Wn!cM=Of3_G,2019-01-19 00:00:00
884,ias884@utdallas.edu,a++4S1GKlWKd,2023-05-25 00:00:00
885,jej885@utdallas.edu,MmSe%v-%_@3r,2022-05-01 00:00:00
886,dil886@utdallas.edu,zUl_Ra8dsx4O,2023-10-08 00:00:00
887,eej887@utdallas.edu,7UOifNvfvGHY,2024-11-18 00:00:00
888,edj888@utdallas.edu,tVk7qgV)&VuK,2023-11-20 00:00:00
889,hfg889@utdallas.edu,bF=2hq$o99RC,2022-08-31 00:00:00
890,jhb890@utdallas.edu,a&+#x%xgag(6,2023-06-10 00:00:00
891,ahg891@utdallas.edu,EZ(3@kc(Qm3A,2021-02-24 00:00:00
892,ces892@utdallas.edu,BqKz%g7OERoK,2022-08-09 00:00:00
893,efw893@utdallas.edu,ZWmk_yh^zXaS,2024-10-13 00:00:00
894,hjj894@utdallas.edu,q8^tw5jQxf=S,2023-10-30 00:00:00
895,jcm895@utdallas.edu,mho&8j32h)yq,2022-01-22 00:00:00
896,chb896@utdallas.edu,B-0WtnBY+#Y9,2024-11-08 00:00:00
897,dfw897@utdallas.edu,lTzc(pV+C)uB,2021-04-02 00:00:00
898,gbs898@utdallas.edu,U(5qrrg=AbPy,2023-04-19 00:00:00
899,him899@utdallas.edu,#tdACDjP3SWG,2024-10-02 00:00:00
900,abm900@utdallas.edu,oUXbR4SZLhE4,2023-09-15 00:00:00
901,edm901@utdallas.edu,P=8W=UAbBILa,2022-02-06 00:00:00
902,chs902@utdallas.edu,+bmGDXf*8o(m,2024-12-13 00:00:00
903,bas903@utdallas.edu,y#*-2YXfs%-c,2024-11-02 00:00:00
904,ibw904@utdallas.edu,vE&*NVn&8WKa,2021-02-12 00:00:00
905,daj905@utdallas.edu,pcYZH-O$Q3)4,2023-04-17 00:00:00
906,aim906@utdallas.edu,EnMW=W7cotRK,2022-02-20 00:00:00
907,acw907@utdallas.edu,-U0-Z3lK2x74,2022-05-03 00:00:00
908,gfj908@utdallas.edu,B#xmT)I6wef#,2019-05-26 00:00:00
909,fcw909@utdallas.edu,2@sL1eSCac((,2023-03-28 00:00:00
910,ibb910@utdallas.edu,ik#cb7YFqV=X,2021-09-11 00:00:00
911,bcg911@utdallas.edu,9IsT16UAe%TE,2022-06-26 00:00:00
912,cjd912@utdallas.edu,IY#Bg$xhE$ba,2019-12-13 00:00:00
913,jbl913@utdallas.edu,W6hLG2hQ_EBa,2021-02-08 00:00:00
914,aas914@utdallas.edu,RR)mC-*@fiAI,2019-06-21 00:00:00
915,dcm915@utdallas.edu,hIQfcOUWDX**,2021-11-09 00:00:00
916,ggm916@utdallas.edu,FOVT60wdaA60,2020-04-10 00:00:00
917,dhm917@utdallas.edu,-hdageeccITS,2024-08-06 00:00:00
918,jjg918@utdallas.edu,3yhkzLz3sX_%,2022-09-01 00:00:00
919,haj919@utdallas.edu,3QiChBF7B*K$,2023-06-25 00:00:00
920,jam920@utdallas.edu,SX68g5smPPke,2022-01-18 00:00:00
921,aed921@utdallas.edu,_WEGVEAf#kef,2023-01-20 00:00:00
922,abm922@utdallas.edu,^1IFLstlnlVt,2023-08-21 00:00:00
923,gfj923@utdallas.edu,KFKZqQ$T9$5h,2021-10-19 00:00:00
924,fjg924@utdallas.edu,_Pegz8^oi_Kv,2021-04-01 00:00:00
925,bhm925@utdallas.edu,QgKaZ_icU5Hu,2022-03-06 00:00:00
926,aid926@utdallas.edu,K86mAyH)Atz7,2022-11-17 00:00:00
927,chb927@utdallas.edu,ROWeG(mP7dY3,2021-05-12 00:00:00
928,ccw928@utdallas.edu,0uoF74H1oKNP,2022-02-04 00:00:00
929,gbg929@utdallas.edu,qmIGYtDm%m53,2024-03-29 00:00:00
930,dfj930@utdallas.edu,5kosu3cFyF3I,2021-03-30 00:00:00
931,hhm931@utdallas.edu,dAxdbZ(h3Gd3,2024-12-04 00:00:00
932,cbd932@utdallas.edu,XBd3DyHo&FFv,2020-05-18 00:00:00
933,ejm933@utdallas.edu,DbLxgp4t8CH-,2023-08-29 00:00:00
934,ged934@utdallas.edu,g4b_2ux21(OB,2021-08-10 00:00:00
935,bad935@utdallas.edu,44=44Uk2i^Jx,2020-04-19 00:00:00
936,ddj936@utdallas.edu,Y%(qK-YVZ75*,2023-08-01 00:00:00
937,cam937@utdallas.edu,z4Fs66a_mP0$,2023-03-17 00:00:00
938,chb938@utdallas.edu,ndJ)eyIrqc-8,2024-05-09 00:00:00
939,bim939@utdallas.edu,6LK1MOVDH!Iv,2023-05-06 00:00:00
940,jdj940@utdallas.edu,x__*8MRqo@Jl,2022-10-12 00:00:00
941,bcw941@utdallas.edu,GbqUKx2ytMI#,2020-03-02 00:00:00
942,bcd942@utdallas.edu,lf-li7Gj$Y%M,2024-04-16 00:00:00
943,cfj943@utdallas.edu,OfgR55pv3xsQ,2022-04-21 00:00:00
944,ael944@utdallas.edu,mXXOq4K2pvXE,2024-01-15 00:00:00
945,fhj945@utdallas.edu,#1iWd-w1^Qcs,2023-08-31 00:00:00
946,cgs946@utdallas.edu,3Cp!4j8ve-^X,2024-01-29 00:00:00
947,aaw947@utdallas.edu,BJ!0nO^sl^%M,2020-02-04 00:00:00
948,gdm948@utdallas.edu,aAk1A7Hs_Vkt,2024-10-08 00:00:00
949,ecm949@utdallas.edu,w)4l4SfqHE4#,2023-08-03 00:00:00
950,cfg950@utdallas.edu,QC2#sJDznDW!,2019-06-14 00:00:00
951,bij951@utdallas.edu,-p&BMVLrZV3p,2021-09-25 00:00:00
952,bdm952@utdallas.edu,9h_J(*8%PmHR,2021-11-19 00:00:00
953,bew953@utdallas.edu,GK!Hp7U%O)zH,2022-08-25 00:00:00
954,fim954@utdallas.edu,S6_X6Z4^u*#=,2020-11-04 00:00:00
955,iam955@utdallas.edu,H3Ms%*u41oA1,2022-08-02 00:00:00
956,bgm956@utdallas.edu,NBOU4FnGECF1,2021-11-14 00:00:00
957,dbm957@utdallas.edu,6zecn$_Xpt8%,2021-06-11 00:00:00
958,hib958@utdallas.edu,^M9-OpaOK+C),2024-12-12 00:00:00
959,jaj959@utdallas.edu,+OXn-)1BNdDf,2024-12-30 00:00:00
960,adm960@utdallas.edu,uKWH#N=zvyV=,2023-03-06 00:00:00
961,cgm961@utdallas.edu,6v2O)2wHE*Dl,2020-01-10 00:00:00
962,bfl962@utdallas.edu,tGHlo0EbyyK-,2021-03-18 00:00:00
963,beg963@utdallas.edu,MBTfCSMTlwx6,2020-12-27 00:00:00
964,fhs964@utdallas.edu,JO%30A9!M^#9,2021-02-08 00:00:00
965,bas965@utdallas.edu,8TQ*3qSW6(1G,2021-02-06 00:00:00
966,fgw966@utdallas.edu,LAj(d-3aOB%$,2022-01-09 00:00:00
967,gfm967@utdallas.edu,cx$vAZkZtYph,2022-09-14 00:00:00
968,bjd968@utdallas.edu,iM!aU60!D$DF,2020-06-11 00:00:00
969,gcj969@utdallas.edu,f-)(F-%3%NW%,2024-08-05 00:00:00
970,hid970@utdallas.edu,4RZn(L2PVKQm,2023-09-06 00:00:00
971,cjj971@utdallas.edu,5CEO%liSl!8w,2020-04-30 00:00:00
972,giw972@utdallas.edu,QcdCQaiDR+jY,2021-04-05 00:00:00
973,hem973@utdallas.edu,0RYOywS^w(K_,2024-10-24 00:00:00
974,dfm974@utdallas.edu,W4j+aH2P#RC+,2023-08-12 00:00:00
975,ejm975@utdallas.edu,k#w$R-#e+nn&,2020-10-19 00:00:00
976,gcl976@utdallas.edu,^-d#Hx1SM+m&,2022-06-29 00:00:00
977,cej977@utdallas.edu,M_&=V3mC=($o,2023-02-08 00:00:00
978,ajw978@utdallas.edu,=l&%WkX9EWZs,2023-02-26 00:00:00
979,hdj979@utdallas.edu,y4QVk+J+Pz$A,2021-07-15 00:00:00
980,gjm980@utdallas.edu,#hqjPDQyB6)N,2023-01-01 00:00:00
981,iew981@utdallas.edu,HKt_(-PRQ*#$,2021-08-04 00:00:00
982,ehj982@utdallas.edu,HX8=jM9mZILE,2019-12-26 00:00:00
983,aaj983@utdallas.edu,ieGydxWRGDq!,2024-11-14 00:00:00
984,chl984@utdallas.edu,+fd*hts_w)*P,2023-05-23 00:00:00
985,jgm985@utdallas.edu,#^S_#7#*gILP,2024-11-24 00:00:00
986,idg986@utdallas.edu,EPZX32tThenk,2022-07-20 00:00:00
987,giw987@utdallas.edu,Khck-EdlL_AG,2023-12-21 00:00:00
988,efj988@utdallas.edu,+TZ@H2@CA0M7,2021-08-21 00:00:00
989,cem989@utdallas.edu,P=jFBNkoXDy#,2023-08-10 00:00:00
990,jjs990@utdallas.edu,!YH)QkD^%FFl,2022-08-15 00:00:00
991,ihl991@utdallas.edu,vy2T&-_oXu_a,2023-10-26 00:00:00
992,cab992@utdallas.edu,@zcL&FY+EWzU,2021-10-16 00:00:00
993,eam993@utdallas.edu,N!ea84Y+Nw!*,2019-07-12 00:00:00
994,dhb994@utdallas.edu,=mr*5p$5T9An,2021-06-11 00:00:00
995,bjj995@utdallas.edu,@tSQ5H$L3Qbd,2022-10-25 00:00:00
996,bgm996@utdallas.edu,ptORmhubytso,2020-12-22 00:00:00
997,fdj997@utdallas.edu,x1XOYE4Mz_(p,2024-08-31 00:00:00
998,fib998@utdallas.edu,uIKRVDuBoAZH,2022-06-28 00:00:00
999,eab999@utdallas.edu,gn*&QVjDCi2s,2020-08-10 00:00:00
1000,fhb1000@utdallas.edu,6_pZHKRgI*!=,2023-03-11 00:00:00
